,City,Cloudiness,Country,Date,Humidity,Lat,Lng,Max Temp,Wind Speed
0,Pandan,66,PH,1575598313,77,11.72,122.09,81.97,7.23
1,Banyuwangi,35,ID,1575598313,65,-8.21,114.37,85.24,7.87
2,Vaini,75,IN,1575598313,93,15.34,74.49,64.4,4.7
3,Ribeira Grande,98,PT,1575598313,84,38.52,-28.7,56.98,4.97
4,Mount Gambier,75,AU,1575598313,72,-37.83,140.78,59.0,18.34
5,Airai,56,TL,1575598313,31,-8.93,125.41,87.46,7.05
6,Oil City,90,US,1575598313,92,41.43,-79.71,30.99,3.36
7,Albany,40,US,1575598040,68,42.65,-73.75,32.0,10.29
8,Ushuaia,75,AR,1575598313,81,-54.81,-68.31,42.8,40.26
9,Anchorage,90,US,1575598313,71,61.22,-149.89,10.4,10.31
10,Sitka,100,US,1575598313,64,37.17,-99.65,46.99,10.0
11,Dikson,100,RU,1575598313,95,73.51,80.55,-5.75,16.96
12,Kapaa,75,US,1575598313,78,22.08,-159.32,82.4,13.87
13,Bredasdorp,0,ZA,1575598313,93,-34.53,20.04,48.2,1.12
14,Busselton,100,AU,1575598313,39,-33.64,115.35,83.88,12.82
15,Keti Bandar,100,PK,1575598313,27,24.14,67.45,72.46,20.78
16,Castro,100,CL,1575598314,76,-42.48,-73.76,53.6,6.93
17,Borogontsy,100,RU,1575598314,94,62.67,131.17,-37.01,6.58
18,Barrow,0,AR,1575598314,48,-38.31,-60.23,56.17,5.46
19,Thompson,20,CA,1575598314,75,55.74,-97.86,-14.8,3.36
20,Husavik,36,CA,1575598314,84,50.56,-96.99,14.0,8.01
21,Saint-Philippe,90,CA,1575598314,68,45.36,-73.48,25.0,13.87
22,Punta Arenas,40,CL,1575598314,57,-53.16,-70.91,48.2,19.46
23,New Norfolk,40,AU,1575598314,38,-42.78,147.06,60.8,24.16
24,Arraial do Cabo,100,BR,1575598314,91,-22.97,-42.02,75.88,18.19
25,Goderich,100,CA,1575598264,82,43.74,-81.71,35.01,7.0
26,Clyde River,90,CA,1575598314,76,70.47,-68.59,-5.8,12.75
27,Port Alfred,0,ZA,1575598314,88,-33.59,26.89,59.0,1.99
28,Rocha,0,UY,1575598314,67,-34.48,-54.34,50.94,5.7
29,Venice,1,US,1575598314,62,27.1,-82.45,57.2,4.7
30,Hermanus,0,ZA,1575598314,41,-34.42,19.24,70.0,3.0
31,Atuona,0,PF,1575598314,72,-9.8,-139.03,80.33,14.92
32,Wiarton,90,CA,1575598314,74,44.74,-81.13,28.99,5.5
33,Jamestown,0,AU,1575598314,14,-33.21,138.6,80.01,13.06
34,Merrill,75,US,1575598314,93,42.03,-121.6,35.6,4.7
35,Chokurdakh,0,RU,1575598314,90,70.62,147.9,-12.57,14.05
36,Hilo,90,US,1575598049,78,19.71,-155.08,73.4,3.36
37,Fatehpur,0,PK,1575598314,29,31.18,71.21,60.84,0.34
38,Okha,100,RU,1575598314,92,53.59,142.95,15.4,25.39
39,Butaritari,100,KI,1575598315,89,3.07,172.79,78.67,13.56
40,Sao Filipe,70,CV,1575598315,77,14.9,-24.5,68.29,18.92
41,Babylon,75,US,1575598315,55,40.7,-73.33,39.2,9.17
42,Geraldton,90,CA,1575598315,92,49.72,-86.95,17.6,5.82
43,Mataura,67,NZ,1575598315,89,-46.19,168.86,57.99,1.99
44,Podgornoye,100,RU,1575598315,97,57.79,82.64,31.96,8.14
45,Provideniya,40,RU,1575598315,78,64.42,-173.23,17.6,22.37
46,Sovetskaya Gavan,0,RU,1575598315,50,48.97,140.29,16.57,17.22
47,Siwan,80,IN,1575598315,48,26.22,84.36,67.82,1.72
48,Alofi,60,NU,1575598315,78,-19.06,-169.92,80.76,12.53
49,Tasiilaq,0,GL,1575598315,58,65.61,-37.64,24.8,5.82
50,Hobart,40,AU,1575598315,38,-42.88,147.33,60.8,24.16
51,Pimentel,79,BR,1575598315,92,-3.7,-45.5,73.98,4.12
52,Korsor,100,DK,1575598315,100,55.33,11.14,41.0,18.34
53,Hithadhoo,100,MV,1575598315,75,-0.6,73.08,82.42,3.78
54,Hasaki,75,JP,1575598315,52,35.73,140.83,44.6,12.75
55,Koygorodok,100,RU,1575598315,97,60.44,51.01,33.82,15.1
56,Rabo de Peixe,20,PT,1575598315,87,37.8,-25.58,53.6,6.93
57,Puerto Ayora,50,EC,1575598189,90,-0.74,-90.35,72.0,1.99
58,Bathsheba,40,BB,1575598315,74,13.22,-59.52,80.6,19.46
59,Iranshahr,0,IR,1575598315,55,27.21,60.69,60.91,2.93
60,Pyay,99,MM,1575598316,64,18.82,95.22,72.48,6.82
61,Talnakh,75,RU,1575598316,92,69.49,88.39,12.2,26.84
62,Bilibino,100,RU,1575598316,88,68.06,166.44,-5.46,8.79
63,Eyl,100,SO,1575598316,70,7.98,49.82,81.14,16.89
64,Kirakira,100,SB,1575598316,76,-10.46,161.92,82.8,2.48
65,Koryukivka,0,UA,1575598316,79,51.77,32.25,28.65,12.24
66,Port-Gentil,98,GA,1575598316,82,-0.72,8.78,79.21,10.78
67,Saint George,65,GR,1575598316,86,39.45,22.34,44.55,0.25
68,Berlevag,100,NO,1575598316,97,70.86,29.09,33.66,36.78
69,Avarua,0,CK,1575598316,78,-21.21,-159.78,80.6,16.11
70,Rikitea,45,PF,1575598316,80,-23.12,-134.97,77.86,10.07
71,Saldanha,0,PT,1575598316,90,41.42,-6.55,39.47,4.12
72,Esperance,0,AU,1575598316,43,-33.86,121.89,73.4,11.41
73,Poum,2,MK,1575598316,84,41.28,20.71,34.5,0.98
74,North Platte,90,US,1575598033,74,41.12,-100.77,37.4,16.11
75,Yumen,6,CN,1575598316,37,40.29,97.04,26.19,14.07
76,Nueva Loja,0,EC,1575598316,88,0.08,-76.88,78.8,5.82
77,Klyuchi,100,RU,1575598316,97,52.25,79.17,32.2,13.98
78,Souillac,90,FR,1575598317,100,45.6,-0.6,37.4,2.24
79,Storforshei,100,NO,1575598317,97,66.4,14.52,21.33,4.27
80,Saint-Joseph,90,FR,1575598317,81,43.56,6.97,51.8,4.7
81,Tuktoyaktuk,90,CA,1575598317,84,69.44,-133.03,-2.2,34.45
82,Kahului,75,US,1575598231,65,20.89,-156.47,80.6,21.92
83,Talakan,100,RU,1575598317,89,50.29,130.28,-5.19,4.18
84,Touros,0,BR,1575598317,78,-5.2,-35.46,77.0,4.7
85,Korhogo,88,CI,1575598317,39,9.46,-5.63,71.64,2.98
86,Fougamou,100,GA,1575598317,98,-1.22,10.59,73.24,1.54
87,Plateros,5,MX,1575598317,24,23.23,-102.84,68.0,6.93
88,Kodiak,1,US,1575598317,70,39.95,-94.76,48.2,4.7
89,Kieta,0,PG,1575598317,66,-6.22,155.63,84.09,6.6
90,Jumla,54,NP,1575598317,14,29.28,82.18,43.54,0.92
91,Torbay,90,CA,1575598317,94,47.66,-52.73,35.01,8.05
92,Praia,75,BR,1575598317,88,-20.25,-43.81,68.0,7.2
93,Dergachi,100,RU,1575598318,94,51.24,48.77,32.2,16.62
94,Reinosa,3,ES,1575598318,100,43.0,-4.14,43.0,3.74
95,Tiksi,100,RU,1575598318,100,71.64,128.87,-12.77,2.42
96,Harper,1,US,1575598318,82,30.3,-99.24,62.01,16.44
97,Mahebourg,20,MU,1575598318,88,-20.41,57.7,75.0,5.82
98,Conceicao do Araguaia,0,BR,1575598280,72,-8.26,-49.26,76.35,2.55
99,Palmer,40,AU,1575598318,55,-34.85,139.16,72.0,20.8
100,Williamsburg,1,US,1575598318,74,37.27,-76.71,41.0,2.86
101,Tocopilla,0,CL,1575598318,30,-22.09,-70.2,52.3,2.28
102,Cobija,61,BR,1575598318,94,-11.02,-68.77,72.7,1.92
103,Codrington,0,AU,1575598318,11,-28.95,153.24,100.99,6.93
104,Saskylakh,0,RU,1575598318,96,71.97,114.09,-33.12,5.14
105,Nurota,40,UZ,1575598318,93,40.56,65.69,35.6,4.7
106,Bulgan,0,MN,1575598318,69,48.81,103.53,10.4,3.4
107,Lagoa,13,PT,1575598318,66,37.14,-8.45,55.4,9.17
108,Dali,0,CN,1575598318,47,34.79,109.94,39.47,10.49
109,Raahe,0,FI,1575598318,80,64.68,24.47,35.6,13.87
110,Mogadishu,65,SO,1575598302,75,2.04,45.34,81.14,4.88
111,Broome,100,GB,1575598318,87,52.47,1.45,50.0,18.34
112,Port Elizabeth,1,US,1575598318,55,39.31,-74.98,42.8,4.7
113,Stuttgart,0,DE,1575598297,100,48.78,9.18,41.0,1.12
114,Sheridan,90,US,1575598131,98,39.65,-105.03,36.0,8.05
115,Tabou,26,CI,1575598318,94,4.42,-7.36,75.38,3.49
116,Labytnangi,100,RU,1575598318,97,66.66,66.39,-1.77,7.49
117,Port Lincoln,0,AU,1575598319,55,-34.72,135.86,64.72,10.09
118,Bethel,90,US,1575598319,85,60.79,-161.76,15.8,11.41
119,Marrakesh,75,MA,1575598319,93,31.63,-7.99,53.6,4.7
120,Amahai,63,ID,1575598319,68,-3.31,129.0,83.98,3.36
121,Dingzhou,0,CN,1575598319,62,38.51,115.0,32.0,6.71
122,Chekhov,75,RU,1575598319,93,55.14,37.45,35.6,20.13
123,Santa Eulalia,38,GT,1575598319,96,15.73,-91.46,45.18,2.71
124,Tiarei,75,PF,1575598319,78,-17.53,-149.33,82.4,11.41
125,Fundata,0,RO,1575598319,42,45.44,25.28,39.0,5.99
126,Rock Sound,98,BS,1575598319,53,24.9,-76.2,73.76,8.21
127,Eureka,20,US,1575598206,59,40.8,-124.16,60.8,14.99
128,Buncrana,100,GB,1575598319,90,55.14,-7.45,51.53,11.25
129,Scarborough,99,GB,1575598319,87,54.28,-0.41,53.6,16.11
130,Visnes,100,NO,1575598319,93,59.36,5.22,48.2,12.75
131,Bolshaya Martynovka,100,RU,1575598319,85,47.27,41.67,34.14,10.45
132,Ellensburg,90,US,1575598319,86,47.0,-120.55,39.2,1.52
133,Emba,40,CY,1575598319,66,34.81,32.42,53.6,10.29
134,Nikolskoye,90,RU,1575598319,75,59.7,30.79,42.8,20.13
135,Athabasca,100,CA,1575598320,80,54.72,-113.29,17.6,9.22
136,Fortuna,20,US,1575598320,62,40.6,-124.16,59.0,12.75
137,Bambous Virieux,20,MU,1575598320,88,-20.34,57.76,75.0,5.82
138,Bluff,0,AU,1575598320,17,-23.58,149.07,99.39,6.87
139,Walvis Bay,0,NA,1575598320,88,-22.95,14.51,64.0,3.36
140,Porto Novo,75,BR,1575598320,94,-23.68,-45.44,69.8,2.24
141,Yellowknife,20,CA,1575598112,75,62.45,-114.38,-18.0,6.93
142,Iracoubo,96,GF,1575598320,82,5.48,-53.21,80.76,14.92
143,Longyearbyen,90,NO,1575598320,92,78.22,15.63,26.6,26.4
144,Pontal do Parana,75,BR,1575598320,94,-25.67,-48.51,68.0,3.36
145,Prabumulih,100,ID,1575598320,66,-3.5,104.19,85.05,5.61
146,Chase,90,US,1575598320,66,38.35,-98.35,51.01,12.75
147,Rorvik,100,NO,1575598320,93,64.86,11.24,35.01,3.0
148,Lorengau,43,PG,1575598320,72,-2.02,147.27,84.94,7.56
149,Ancud,100,CL,1575598320,76,-41.87,-73.83,53.6,6.93
150,Bonthe,34,SL,1575598321,81,7.53,-12.5,79.47,6.96
151,Kaeo,2,NZ,1575598321,88,-35.1,173.78,80.01,11.54
152,Capaci,20,IT,1575598321,93,38.17,13.24,57.99,5.82
153,Roald,100,NO,1575598321,75,62.58,6.12,41.0,11.41
154,Kijang,100,KR,1575598321,30,35.24,129.21,30.2,9.17
155,San Luis,0,AR,1575598321,25,-33.3,-66.34,71.2,10.8
156,Maryborough,0,AU,1575598321,17,-25.54,152.7,101.07,4.92
157,Novyy Urengoy,99,RU,1575598063,94,66.08,76.63,6.33,9.91
158,Aklavik,90,CA,1575598321,83,68.22,-135.01,-4.0,5.82
159,Hamilton,90,CA,1575598230,74,43.26,-79.87,34.0,9.17
160,Klaksvik,100,FO,1575598321,60,62.23,-6.59,39.2,10.29
161,Conceicao do Mato Dentro,100,BR,1575598321,93,-19.04,-43.42,68.68,3.27
162,Pevek,0,RU,1575598321,95,69.7,170.27,-4.83,2.66
163,Half Moon Bay,90,US,1575598321,82,37.46,-122.43,57.2,10.29
164,Paita,100,PE,1575598321,79,-5.09,-81.11,70.66,10.09
165,Qaanaaq,94,GL,1575598321,67,77.48,-69.36,-0.29,7.14
166,Miraflores,40,PE,1575598322,87,-16.39,-71.52,53.6,1.32
167,Sorland,100,NO,1575598322,75,67.67,12.69,39.58,32.23
168,Gat,100,SN,1575598322,77,14.69,-16.54,66.2,11.41
169,Dongying,0,CN,1575598322,40,37.43,118.67,33.44,5.95
170,Arrifes,20,PT,1575598322,87,37.77,-25.7,53.6,6.93
171,Hauterive,20,CA,1575598322,85,49.18,-68.27,28.0,5.82
172,Pangnirtung,100,CA,1575598322,94,66.15,-65.72,9.0,7.58
173,Mezen,100,RU,1575598322,96,65.85,44.24,22.28,1.28
174,Thinadhoo,71,MV,1575598322,79,0.53,72.93,82.85,9.82
175,Kloulklubed,90,PW,1575598322,83,7.04,134.26,82.4,6.93
176,Manali,0,IN,1575598322,22,32.25,77.19,43.92,6.22
177,Norman Wells,20,CA,1575598322,73,65.28,-126.83,-32.8,4.7
178,Vila Velha,40,BR,1575598322,78,-3.71,-38.6,80.6,8.05
179,Mar del Plata,69,AR,1575598084,62,-46.43,-67.52,55.9,10.02
180,Fukagawa,75,JP,1575598323,85,43.72,142.05,23.0,9.17
181,Upernavik,0,GL,1575598323,65,72.79,-56.15,7.38,15.48
182,Ryotsu,40,JP,1575598323,64,38.08,138.43,39.2,9.17
183,La Rioja,0,AR,1575598323,37,-29.41,-66.86,63.79,2.3
184,Hohhot,0,CN,1575598323,77,40.81,111.65,6.8,2.24
185,Bud,88,NO,1575598323,93,62.91,6.91,41.0,4.7
186,Lebu,74,ET,1575598323,88,8.96,38.73,50.97,1.34
187,Shimoda,75,JP,1575598323,50,34.7,138.93,52.0,19.46
188,Huarmey,77,PE,1575598323,83,-10.07,-78.15,65.21,1.92
189,East London,33,ZA,1575598323,81,-33.02,27.91,64.04,12.97
190,Kulhudhuffushi,87,MV,1575598323,80,6.62,73.07,82.81,23.51
191,Bilma,3,NE,1575598323,21,18.69,12.92,66.16,7.92
192,Flin Flon,93,CA,1575598323,95,54.77,-101.88,2.07,4.99
193,Namibe,58,AO,1575598323,81,-15.19,12.15,70.92,7.09
194,Coquimbo,53,CL,1575598323,82,-29.95,-71.34,57.2,4.7
195,Port-Cartier,90,CA,1575598323,92,50.03,-66.88,23.0,3.36
196,Camargo,100,MX,1575598324,30,27.69,-105.17,70.57,6.08
197,Boa Vista,20,BR,1575598031,65,2.82,-60.67,82.4,10.29
198,Caibarien,20,CU,1575598324,88,22.52,-79.47,64.4,3.36
199,Aksha,0,RU,1575598324,78,50.28,113.29,11.41,6.04
200,Sobolevo,0,RU,1575598324,82,54.43,31.9,29.46,12.41
201,Khatanga,32,RU,1575598324,82,71.98,102.47,-18.26,14.7
202,Henties Bay,77,NA,1575598324,90,-22.12,14.28,64.0,1.01
203,Batagay,100,RU,1575598324,96,67.65,134.64,-37.98,1.66
204,Carnarvon,54,ZA,1575598324,90,-30.97,22.13,57.22,8.1
205,Puerto Cabezas,92,NI,1575598324,87,14.04,-83.39,72.75,5.77
206,Georgetown,20,GY,1575598324,78,6.8,-58.16,82.4,6.93
207,High Prairie,100,CA,1575598096,81,55.43,-116.48,19.8,8.25
208,Tazovskiy,100,RU,1575598324,95,67.47,78.7,10.85,7.0
209,Coari,18,BR,1575598324,86,-4.09,-63.14,77.29,2.04
210,Sistranda,75,NO,1575598324,86,63.73,8.83,41.0,16.11
211,Luderitz,100,NA,1575598324,87,-26.65,15.16,60.8,6.93
212,Faanui,100,PF,1575598325,68,-16.48,-151.75,83.03,8.21
213,Tunduma,14,ZM,1575598325,97,-9.31,32.77,60.17,3.33
214,Shar,5,NG,1575598325,34,7.3,8.73,75.63,4.0
215,Tucupita,16,VE,1575598325,98,9.06,-62.05,72.7,2.86
216,Victoria,75,BN,1575598325,94,5.28,115.24,77.0,2.24
217,Umm Lajj,0,SA,1575598325,44,25.02,37.27,64.27,2.77
218,Meulaboh,45,ID,1575598325,77,4.14,96.13,80.78,7.05
219,Nanortalik,100,GL,1575598325,68,60.14,-45.24,30.72,12.5
220,Ust-Maya,100,RU,1575598325,92,60.42,134.54,-32.33,5.86
221,Salinopolis,12,BR,1575598325,77,-0.61,-47.36,81.95,17.87
222,Labuhan,100,ID,1575598325,62,-2.54,115.51,89.13,1.52
223,The Valley,40,AI,1575598325,74,18.22,-63.06,82.4,4.7
224,Wunsiedel,90,DE,1575598325,100,50.04,12.0,26.6,3.36
225,Malangali,99,TZ,1575598325,86,-8.57,34.85,60.44,11.05
226,Acapulco,40,MX,1575598325,78,16.86,-99.88,82.4,2.48
227,Mahenge,100,TZ,1575598325,89,-8.68,36.72,71.38,1.41
228,Cape Town,0,ZA,1575598048,43,-33.93,18.42,71.6,6.93
229,Antofagasta,51,CL,1575598093,77,-23.65,-70.4,62.6,11.41
230,Oistins,40,BB,1575598163,74,13.07,-59.53,80.6,19.46
231,Abu Dhabi,0,AE,1575598142,77,24.47,54.37,68.0,2.24
232,El Tambo,100,CO,1575598326,96,1.41,-77.39,60.98,3.29
233,Alugan,1,PH,1575598326,69,12.22,125.48,84.2,3.0
234,Vardo,1,US,1575598326,55,39.62,-77.74,37.4,4.29
235,Nampula,40,MZ,1575598326,83,-15.12,39.26,75.2,11.41
236,Flinders,100,AU,1575598326,39,-34.58,150.85,82.4,11.41
237,Hue,75,VN,1575598326,46,16.47,107.58,71.6,10.29
238,Rawson,41,AR,1575598326,72,-43.3,-65.11,58.05,23.47
239,Vao,100,EE,1575598326,86,59.1,26.19,40.55,14.7
240,Baton Rouge,1,US,1575598249,54,30.45,-91.15,59.0,6.93
241,Lata,0,IN,1575598326,9,30.78,78.62,27.66,5.95
242,Pokhara,19,NP,1575598327,47,28.21,83.99,62.87,1.23
243,Chuy,0,UY,1575598327,82,-33.69,-53.46,54.55,2.84
244,Spirovo,100,RU,1575598327,88,57.42,34.99,34.86,12.37
245,Nantucket,40,US,1575598056,47,41.28,-70.1,37.4,18.34
246,Cintalapa,41,MX,1575598327,98,16.7,-93.73,63.82,1.99
247,Maha Sarakham,0,TH,1575598327,59,16.19,103.3,62.6,8.05
248,Pringsewu,100,ID,1575598327,63,-5.36,104.98,84.45,4.09
249,Presidente Epitacio,95,BR,1575598327,91,-21.76,-52.12,71.62,8.75
250,Chapeco,52,BR,1575598057,68,-27.1,-52.62,68.0,4.7
251,Cayenne,100,GF,1575598327,88,4.94,-52.33,77.0,4.85
252,Ubinskoye,100,RU,1575598327,97,55.31,79.68,29.86,11.45
253,Awjilah,33,LY,1575598328,47,29.14,21.3,55.45,5.26
254,Mbigou,91,GA,1575598328,99,-1.9,11.91,66.27,0.85
255,Hobyo,85,SO,1575598328,76,5.35,48.53,79.63,6.22
256,Bacolod,16,PH,1575598328,78,10.68,122.95,82.47,5.66
257,Bereda,75,ES,1575598328,100,43.27,-7.54,54.0,3.36
258,Victoria Falls,57,ZW,1575598328,78,-17.93,25.84,68.94,6.38
259,Nioro,93,GM,1575598328,37,13.79,-15.05,66.69,9.1
260,Vostok,14,RU,1575598328,81,46.45,135.83,-0.31,4.79
261,Sao Geraldo do Araguaia,26,BR,1575598328,84,-6.4,-48.55,75.02,3.33
262,Kavieng,58,PG,1575598328,68,-2.57,150.8,85.28,7.16
263,Barrancas,7,CO,1575598328,95,10.96,-72.8,70.11,2.42
264,Santa Isabel do Rio Negro,2,BR,1575598328,87,-0.41,-65.02,75.58,1.54
265,Naron,75,ES,1575598328,100,43.52,-8.15,54.0,3.36
266,Bogorodskoye,76,RU,1575598328,95,52.37,140.44,-4.72,5.19
267,Tuatapere,41,NZ,1575598328,89,-46.13,167.69,57.99,1.99
268,Santa Lucia,20,IT,1575598328,81,41.98,12.66,54.0,2.24
269,Cidreira,24,BR,1575598328,64,-30.17,-50.22,67.84,6.42
270,Ponta do Sol,100,BR,1575598328,98,-20.63,-46.0,67.82,6.11
271,Constitucion,40,MX,1575598329,18,23.99,-104.67,68.0,3.36
272,Alekseyevsk,21,RU,1575598329,95,57.84,108.35,-1.71,3.91
273,Dong Xoai,0,VN,1575598329,54,11.53,106.92,80.01,8.1
274,Preveza,40,GR,1575598329,81,38.96,20.75,53.6,5.82
275,Xichang,55,CN,1575598329,58,27.88,102.25,46.0,3.44
276,Xapuri,47,BR,1575598329,91,-10.65,-68.5,73.53,2.46
277,Grand-Santi,3,GF,1575598329,99,4.27,-54.38,71.92,1.83
278,Imbituba,75,BR,1575598329,83,-28.24,-48.67,69.8,13.87
279,Lujiang,63,CN,1575598329,86,31.26,117.28,37.4,4.47
280,Terrace Bay,100,CA,1575598329,96,48.78,-87.1,18.97,2.59
281,Ahipara,0,NZ,1575598329,88,-35.17,173.16,80.01,12.8
282,Azanja,90,RS,1575598329,84,44.43,20.88,32.0,3.36
283,Placido de Castro,0,BR,1575598329,85,-10.34,-67.19,75.11,0.85
284,Cuamba,51,MZ,1575598329,85,-14.8,36.54,69.08,7.34
285,Hay River,75,CA,1575598221,70,60.82,-115.79,-4.0,4.7
286,Lufilufi,58,WS,1575598330,79,-13.87,-171.6,81.28,17.45
287,Katsuura,75,JP,1575598330,63,33.93,134.5,53.01,11.41
288,Moron,6,HT,1575598330,85,18.56,-74.26,78.53,14.32
289,Candelaria,0,PH,1575598330,83,13.93,121.42,82.0,3.0
290,Port Hardy,90,CA,1575598330,93,50.7,-127.42,39.2,3.36
291,Dingle,71,PH,1575598330,73,11.0,122.67,84.2,5.82
292,Venado Tuerto,0,AR,1575598330,50,-33.75,-61.97,66.0,4.0
293,Bemidji,90,US,1575598330,79,47.48,-94.89,24.8,13.87
294,Copiapo,0,CL,1575598330,72,-27.37,-70.33,60.8,6.93
295,Kurtalan,90,TR,1575598330,87,37.93,41.7,46.4,5.82
296,Margate,40,AU,1575598330,38,-43.03,147.26,60.8,24.16
297,Yar-Sale,100,RU,1575598330,96,66.83,70.83,4.39,6.91
298,Salalah,75,OM,1575598330,57,17.01,54.1,78.8,14.99
299,Caravelas,0,BR,1575598330,87,-17.73,-39.27,71.8,10.56
300,Zhanaozen,0,KZ,1575598330,65,43.35,52.85,29.82,8.32
301,Les Cayes,3,HT,1575598330,77,18.19,-73.75,82.04,10.8
302,Sayyan,8,YE,1575598330,66,15.17,44.32,42.3,3.27
303,Zheleznodorozhnyy,90,RU,1575598330,86,55.75,38.0,35.6,11.18
304,Naze,0,NG,1575598330,91,5.43,7.07,74.66,3.27
305,Leningradskiy,100,RU,1575598331,84,69.38,178.42,16.7,13.04
306,Nelson Bay,29,AU,1575598331,16,-32.72,152.14,91.4,17.22
307,Capreol,90,CA,1575598331,78,46.71,-80.92,16.0,4.7
308,Raudeberg,100,NO,1575598331,86,61.99,5.14,41.0,5.82
309,Nador,75,MA,1575598331,87,35.17,-2.93,60.8,8.05
310,Leh,0,IN,1575598331,37,34.16,77.58,-0.74,1.99
311,Manicore,35,BR,1575598331,82,-5.81,-61.3,77.68,0.96
312,Pisco,75,PE,1575598331,82,-13.71,-76.2,69.01,17.22
313,Sur,0,OM,1575598331,59,22.57,59.53,70.74,10.87
314,Faya,40,SA,1575598331,58,18.39,42.45,57.2,1.48
315,Sens,90,FR,1575598331,84,48.2,3.28,32.0,3.36
316,Lamu,0,CN,1575598331,43,35.77,102.37,19.24,7.25
317,Cerritos,75,US,1575598331,67,33.86,-118.05,64.4,2.37
318,Salto,90,BR,1575598331,88,-23.2,-47.29,71.6,4.7
319,Rangapara,60,IN,1575598331,38,26.82,92.69,64.8,3.0
320,Churapcha,100,RU,1575598331,94,62.0,132.43,-35.37,7.52
321,Ulladulla,100,AU,1575598331,39,-35.36,150.48,82.4,11.41
322,Poso,100,ID,1575598331,67,-1.4,120.75,78.03,4.21
323,Coutances,90,FR,1575598331,93,49.05,-1.45,51.01,19.46
324,Nagorsk,100,RU,1575598332,97,59.32,50.8,33.76,15.3
325,Ibra,0,OM,1575598332,58,22.69,58.55,66.43,6.4
326,Ust-Tsilma,100,RU,1575598332,94,65.44,52.15,12.9,7.11
327,Sao Felix do Xingu,60,BR,1575598332,95,-6.64,-51.99,71.85,1.39
328,Ust-Kulom,100,RU,1575598332,97,61.69,53.69,32.85,11.88
329,Ekibastuz,66,KZ,1575598332,89,51.72,75.32,23.47,12.97
330,Warrnambool,100,AU,1575598332,74,-38.38,142.48,60.01,15.99
331,Ilulissat,0,GL,1575598332,42,69.22,-51.1,6.8,10.29
332,Skjeberg,100,NO,1575598332,93,59.21,11.19,44.6,12.75
333,Bluefields,100,NI,1575598332,94,12.01,-83.77,71.47,3.71
334,Magistralnyy,0,RU,1575598332,91,56.17,107.45,-0.87,5.17
335,Atar,100,MR,1575598332,50,20.52,-13.05,57.72,2.35
336,Urdoma,100,RU,1575598332,98,61.74,48.55,33.98,12.8
337,Samarai,26,PG,1575598332,62,-10.62,150.67,83.86,9.44
338,Qasigiannguit,0,GL,1575598332,42,68.82,-51.19,6.8,10.29
339,Tampakan,75,PH,1575598332,70,6.44,124.93,84.2,2.39
340,Takoradi,100,GH,1575598332,84,4.89,-1.75,79.59,8.3
341,Lobito,100,AO,1575598332,78,-12.35,13.55,75.81,5.08
342,Ostrovnoy,98,RU,1575598332,94,68.05,39.51,19.06,9.1
343,Neryungri,98,RU,1575598332,89,56.66,124.71,-11.92,21.56
344,Zeya,100,RU,1575598332,89,53.74,127.27,-7.1,0.22
345,Cambridge,90,CA,1575598077,74,43.39,-80.31,33.01,9.17
346,Brae,96,GB,1575598332,75,60.4,-1.35,46.4,14.99
347,Christchurch,80,NZ,1575598171,33,-43.53,172.64,77.0,11.41
348,Wladyslawowo,100,PL,1575598332,73,54.79,18.4,35.01,13.87
349,Shache,90,CN,1575598333,76,38.42,77.24,33.01,2.06
350,Sangar,100,RU,1575598333,91,63.92,127.47,-35.14,6.26
351,Corrente,100,BR,1575598333,91,-17.45,-44.68,70.41,1.54
352,Corrales,6,CO,1575598333,95,5.83,-72.84,45.48,1.41
353,Aswan,6,EG,1575598333,38,24.09,32.9,59.0,19.46
354,Idaho Falls,90,US,1575598328,80,43.49,-112.04,32.0,1.52
355,Baijiantan,100,CN,1575598333,72,45.63,85.18,21.45,2.37
356,Bontang,100,ID,1575598333,75,0.12,117.47,83.77,4.92
357,Rio Gallegos,40,AR,1575598068,50,-51.62,-69.22,51.8,27.51
358,Kalmunai,87,LK,1575598333,78,7.42,81.82,79.95,6.33
359,Bikaner,0,IN,1575598333,34,28.02,73.32,61.12,5.95
360,Severo-Kurilsk,96,RU,1575598333,88,50.68,156.12,20.28,30.0
361,Gravdal,100,NO,1575598333,93,59.79,5.78,46.4,12.75
362,Ardmore,90,US,1575598212,70,34.99,-86.85,53.6,4.7
363,Sao Gabriel da Cachoeira,100,BR,1575598333,94,-0.13,-67.09,75.2,1.41
364,Tautira,75,PF,1575598333,78,-17.73,-149.15,82.4,11.41
365,Sinnamary,100,GF,1575598333,82,5.38,-52.96,80.83,15.79
366,San Andres,0,PH,1575598333,62,13.32,122.68,86.25,3.06
367,Baran,99,IN,1575598334,41,25.1,76.52,60.73,3.69
368,Santa Ines,75,EC,1575598334,87,-0.82,-78.63,50.0,5.82
369,Puerto Baquerizo Moreno,97,EC,1575598334,82,-0.9,-89.6,72.81,13.35
370,Atbasar,100,KZ,1575598334,93,51.81,68.36,11.84,12.41
371,Byron Bay,0,AU,1575598334,43,-28.65,153.62,100.99,14.99
372,Nizwa,0,OM,1575598334,65,22.93,57.53,59.54,5.21
373,Tahoua,0,NE,1575598334,15,14.89,5.26,71.6,11.41
374,Hanstholm,100,DK,1575598334,92,57.12,8.61,48.0,27.0
375,Kargat,100,RU,1575598334,98,55.19,80.28,31.96,11.77
376,Kolchugino,100,RU,1575598334,90,56.3,39.38,33.91,14.45
377,Ambon,90,FR,1575598334,100,47.55,-2.56,51.01,4.7
378,Mayumba,99,GA,1575598334,89,-3.44,10.65,77.36,9.51
379,Kaitangata,100,NZ,1575598334,56,-46.28,169.85,63.0,11.65
380,Ovsyanka,100,RU,1575598334,89,53.58,126.91,-6.0,2.3
381,Ketchikan,75,US,1575598334,100,55.34,-131.65,37.4,5.82
382,Belmonte,0,PT,1575598334,87,40.36,-7.35,44.01,5.01
383,Alexandria,0,RO,1575598242,67,43.97,25.33,32.07,4.23
384,Tura,100,RU,1575598334,95,64.27,100.22,-3.39,4.54
385,Haines Junction,100,CA,1575598335,96,60.75,-137.51,1.38,4.23
386,Pierre,90,US,1575598335,80,44.37,-100.35,32.0,13.87
387,Los Llanos de Aridane,75,ES,1575598335,72,28.66,-17.92,64.4,23.04
388,Wageningen,90,NL,1575598335,93,51.98,5.66,43.0,17.22
389,Kozhva,100,RU,1575598335,93,65.11,57.05,11.14,8.01
390,Nenjiang,97,CN,1575598335,89,49.17,125.23,3.36,8.86
391,Shaoguan,0,CN,1575598335,29,24.81,113.59,59.76,3.6
392,Crossville,1,US,1575598335,56,35.95,-85.03,46.4,3.36
393,Soyo,100,AO,1575598335,96,-6.13,12.37,74.26,5.17
394,Namatanai,0,PG,1575598335,70,-3.66,152.44,84.54,3.78
395,Hovd,75,NO,1575598335,97,63.83,10.7,41.0,18.34
396,Catuday,60,PH,1575598335,81,16.29,119.81,79.75,5.73
397,Barcelos,1,BR,1575598335,86,-0.97,-62.93,76.21,1.63
398,Vanimo,100,PG,1575598335,70,-2.67,141.3,82.99,2.17
399,Maceio,3,BR,1575598335,88,-9.67,-35.74,73.4,5.82
400,Tianpeng,0,CN,1575598335,44,28.88,112.34,52.92,8.99
401,Fomboni,23,KM,1575598335,82,-12.28,43.74,82.92,14.23
402,Ukwa,0,NG,1575598335,92,5.47,8.01,74.95,1.79
403,Wuhan,0,CN,1575598335,43,30.6,114.3,41.0,4.47
404,Itarema,58,BR,1575598336,87,-2.92,-39.92,75.69,4.65
405,Mareeba,40,AU,1575598336,62,-16.99,145.42,93.0,8.05
406,Benjamin Constant,75,BR,1575598336,100,-4.38,-70.03,75.2,2.24
407,Rio Claro,20,BR,1575598336,100,-22.41,-47.56,66.2,4.27
408,Ahuimanu,20,US,1575598336,65,21.44,-157.84,80.6,10.29
409,San Quintin,0,PH,1575598336,73,17.54,120.52,82.63,5.35
410,Saquarema,90,BR,1575598336,100,-22.93,-42.51,77.0,9.17
411,Urengoy,89,RU,1575598336,94,65.96,78.37,9.45,12.06
412,Witu,75,KE,1575598336,94,-2.39,40.44,75.2,4.56
413,Kruisfontein,0,ZA,1575598336,53,-34.0,24.73,66.72,9.44
414,Tornio,90,FI,1575598336,80,61.12,27.27,41.0,13.87
415,Gunjur,4,GM,1575598336,68,13.18,-16.76,68.0,8.05
416,Banjar,98,ID,1575598336,50,-7.37,108.54,89.65,3.0
417,Lazaro Cardenas,90,MX,1575598336,42,28.39,-105.62,64.4,5.82
418,Lillooet,90,CA,1575598244,79,50.69,-121.94,28.4,2.24
419,Fort Myers Beach,1,US,1575598294,55,26.45,-81.95,64.4,6.93
420,Natchez,1,US,1575598336,44,31.56,-91.4,60.8,10.29
421,Sibolga,0,ID,1575598336,57,1.74,98.78,86.81,1.66
422,Wilmington,90,US,1575598328,55,39.75,-75.55,42.8,6.93
423,Tanout,0,NE,1575598336,18,14.97,8.88,66.61,9.78
424,Ilinskoye-Khovanskoye,90,RU,1575598336,86,56.97,39.77,37.4,17.9
425,Pangai,40,TO,1575598336,58,-19.8,-174.35,84.2,9.17
426,Pontianak,99,ID,1575598336,81,-0.02,109.34,84.02,2.93
427,Lyuban,0,BY,1575598336,74,52.8,28.0,29.01,12.19
428,Mana,0,NG,1575598336,15,13.03,5.27,68.43,9.44
429,Vila Franca do Campo,20,PT,1575598336,87,37.72,-25.43,53.6,6.93
430,Inhambane,60,MZ,1575598337,71,-23.87,35.38,72.14,8.66
431,Loiza,75,PR,1575598337,88,18.43,-65.88,82.4,7.29
432,Zhigansk,37,RU,1575598337,91,66.77,123.37,-37.17,10.11
433,Benicarlo,99,ES,1575598337,94,40.42,0.43,46.0,1.99
434,Ossora,89,RU,1575598337,84,59.24,163.07,24.49,14.56
435,Cockburn Town,32,TC,1575598337,83,21.46,-71.14,79.21,17.81
436,Bianzhuang,0,CN,1575598337,71,39.44,112.12,20.12,6.29
437,Wittstock,0,DE,1575598337,70,53.37,13.69,33.55,20.2
438,Iquique,0,CL,1575598165,68,-20.22,-70.14,68.0,11.41
439,Middelburg,100,NL,1575598337,93,51.5,3.61,42.01,28.86
440,Tomatlan,0,MX,1575598337,92,19.93,-105.25,66.6,1.86
441,Luau,100,CD,1575598337,98,-10.7,22.23,64.45,1.63
442,Parana,100,BR,1575598337,96,-7.52,-72.89,72.19,1.1
443,Spencer,1,US,1575598338,54,42.24,-71.99,34.0,13.87
444,Sunds,75,DK,1575598338,93,56.2,9.01,48.2,27.51
445,Turukhansk,100,RU,1575598338,93,65.8,87.96,20.1,18.3
446,Iqaluit,75,CA,1575598338,77,63.75,-68.52,5.0,16.11
447,Kisanga,49,CD,1575598338,97,-11.72,27.4,59.85,1.05
448,Ishigaki,75,JP,1575598338,93,24.34,124.16,66.2,23.04
449,Jiutai,0,CN,1575598338,45,44.15,125.84,5.0,13.42
450,Bakal,100,RU,1575598338,86,54.94,58.81,20.26,12.73
451,Buraydah,20,SA,1575598338,63,26.33,43.97,62.6,9.17
452,Hutchinson,90,US,1575598224,66,38.06,-97.93,55.4,12.75
453,Portland,75,US,1575598280,64,43.66,-70.25,37.4,11.41
454,Yarmouth,90,CA,1575598338,64,43.84,-66.12,41.0,12.75
455,Bandarbeyla,100,SO,1575598338,89,9.49,50.81,78.71,33.38
456,Valparaiso,75,US,1575598330,56,41.47,-87.06,44.6,4.7
457,Bloomington,90,US,1575598099,81,40.47,-88.99,48.2,5.82
458,Karasjok,100,NO,1575598338,100,69.47,25.52,15.8,8.05
459,Cabo San Lucas,40,MX,1575598338,78,22.89,-109.91,73.4,2.24
460,Jega,0,NG,1575598338,21,12.22,4.38,69.1,7.78
461,Julfa,90,AZ,1575598338,93,38.95,45.63,35.6,4.7
462,Khandyga,100,RU,1575598338,95,62.65,135.58,-37.3,1.39
463,Great Falls,1,US,1575598338,92,47.5,-111.29,32.0,6.46
464,Ushtobe,100,KZ,1575598338,73,45.25,77.98,40.28,7.34
465,Port Augusta,40,AU,1575598338,59,-32.49,137.76,66.2,14.99
466,Grand Gaube,20,MU,1575598339,88,-20.01,57.66,75.0,5.82
467,Adrar,0,DZ,1575598339,40,27.87,-0.29,51.8,5.82
468,Poronaysk,0,RU,1575598339,62,49.22,143.1,17.49,7.47
469,Linhares,15,BR,1575598339,95,-19.38,-40.06,72.86,5.28
470,Coihaique,23,CL,1575598339,66,-45.58,-72.07,51.8,3.36
471,Sassandra,100,CI,1575598339,92,4.95,-6.09,76.5,6.76
472,Asyut,0,EG,1575598339,82,27.18,31.19,59.0,16.11
473,Upington,40,ZA,1575598339,82,-28.46,21.24,68.0,8.05
474,Mandla,100,IN,1575598339,43,22.6,80.37,63.43,2.51
475,Ukiah,90,US,1575598339,76,39.15,-123.21,55.99,5.82
476,Jalu,33,LY,1575598339,47,29.03,21.55,55.45,5.26
477,San Carlos de Bariloche,75,AR,1575598339,58,-41.13,-71.31,55.4,23.04
478,Perelyub,100,RU,1575598339,93,51.87,50.37,32.52,19.89
479,Praia da Vitoria,75,PT,1575598339,100,38.73,-27.07,57.99,2.26
480,Hofn,100,IS,1575598339,60,64.25,-15.21,34.59,14.81
481,Chernyshevskiy,19,RU,1575598339,92,63.01,112.47,-33.61,1.86
482,Chumikan,97,RU,1575598339,75,54.72,135.31,1.53,16.71
483,Quatre Cocos,20,MU,1575598339,88,-20.21,57.76,75.0,5.82
484,Gamba,85,CN,1575598339,27,28.28,88.52,21.7,1.16
485,Morristown,1,US,1575598227,64,36.21,-83.29,41.0,1.92
486,Bayan,0,CN,1575598340,43,36.1,102.26,19.24,7.25
487,Zemio,10,CF,1575598340,57,5.02,25.13,66.47,1.59
488,Estevan,1,CA,1575598340,100,49.14,-102.99,12.2,8.05
489,San Patricio,0,PY,1575598340,62,-26.98,-56.83,60.01,4.18
490,Mata,0,PT,1575598340,87,40.68,-7.46,46.99,5.01
491,Mecca,0,SA,1575598340,70,21.43,39.83,72.57,1.16
492,Severskaya,0,RU,1575598340,80,44.85,38.68,32.0,6.71
493,Owando,100,CG,1575598341,96,-0.49,15.91,71.74,3.2
494,Noyabrsk,99,RU,1575598341,99,63.2,75.45,0.09,14.76
495,Bukachacha,0,RU,1575598341,75,52.99,116.91,-1.21,2.06
496,Sinop,0,TR,1575598341,66,42.03,35.15,39.29,11.36
497,Atikokan,100,CA,1575598341,89,48.76,-91.62,12.7,10.71
498,Danjiangkou,0,CN,1575598341,72,32.54,111.51,57.99,3.38
499,Benghazi,0,LY,1575598341,46,32.12,20.07,64.36,9.98
500,Hakkari,90,FI,1575598341,93,61.34,23.75,39.2,11.41
501,Narsaq,100,GL,1575598341,41,60.91,-46.05,19.4,2.24
502,Pijijiapan,34,MX,1575598342,74,15.69,-93.21,73.8,3.33
503,Panguna,100,PG,1575598342,78,-6.32,155.48,79.57,3.24
504,Belaya Gora,68,RU,1575598342,98,68.54,146.19,-19.8,6.08
505,Cartagena,75,ES,1575598144,93,37.63,-1.0,59.0,12.75
506,Zyryanka,100,RU,1575598342,92,65.73,150.89,-11.36,23.71
507,Dodge City,90,US,1575598342,70,37.75,-100.02,51.8,26.4
508,Tarut,0,SA,1575598342,77,26.57,50.06,66.2,4.7
509,Tucurui,96,BR,1575598342,91,-3.77,-49.67,75.85,5.86
510,Kondinskoye,11,RU,1575598342,93,59.65,67.41,3.27,10.76
511,Maturin,24,VE,1575598342,97,9.75,-63.18,72.66,4.32
512,Dharmanagar,0,IN,1575598342,67,24.37,92.17,67.03,5.35
513,Muzhi,0,RU,1575598342,97,65.4,64.7,-9.33,4.65
514,Altamont,90,CA,1575598342,100,49.4,-98.5,17.6,4.7
515,Nome,1,US,1575598342,88,30.04,-94.42,64.99,6.93
516,College,1,US,1575598342,75,64.86,-147.8,-18.4,3.98
517,Kuryk,9,KZ,1575598343,67,43.18,51.68,43.0,10.16
518,Savannah Bight,0,HN,1575598343,66,16.45,-85.85,80.4,13.02
519,Mimongo,100,GA,1575598343,99,-1.62,11.6,67.93,2.82
520,Leshukonskoye,100,RU,1575598343,95,64.9,45.76,32.68,10.42
521,Pemba,95,MZ,1575598343,83,-12.97,40.52,78.37,13.44
522,Sines,0,PT,1575598343,73,37.96,-8.87,56.35,18.19
523,Saint-Georges,100,CA,1575598131,85,46.12,-70.67,25.0,8.99
524,Broken Hill,0,AU,1575598343,33,-31.97,141.45,73.4,11.41
525,Kilinochchi,100,LK,1575598343,84,9.4,80.4,79.43,15.59
526,Olavarria,50,AR,1575598343,37,-36.89,-60.32,64.87,13.22
527,Makakilo City,90,US,1575598343,69,21.35,-158.09,80.6,12.75
528,Drochia,0,MD,1575598343,75,48.03,27.81,27.61,4.59
529,Kharabali,52,RU,1575598343,93,47.41,47.25,28.42,11.12
530,Mutis,23,CO,1575598343,83,6.23,-77.4,80.31,7.87
531,Clinton,90,US,1575598343,59,41.28,-72.53,39.2,4.7
532,Aguimes,75,ES,1575598343,77,27.91,-15.45,62.6,14.99
533,Mount Isa,100,AU,1575598343,5,-20.73,139.49,100.4,5.82
534,Taoudenni,100,ML,1575598343,27,22.68,-3.98,60.69,4.07
535,Varhaug,75,NO,1575598343,100,58.61,5.65,48.2,10.29
536,Marsa Matruh,100,EG,1575598344,68,31.35,27.25,64.4,6.93
537,Bubaque,0,GW,1575598344,63,11.28,-15.83,77.83,17.65
538,Sandwick,90,GB,1575598344,100,54.57,-2.89,50.0,28.86
539,Zalari,40,RU,1575598344,89,53.57,102.52,11.48,11.99
540,Rosetta,40,EG,1575598344,60,31.4,30.42,68.0,11.41
541,Honningsvag,100,NO,1575598159,82,70.98,25.97,37.81,10.94
542,Cherskiy,100,RU,1575598344,66,68.75,161.3,3.22,9.82
543,Yining,0,CN,1575598344,44,29.04,114.56,50.92,5.46
544,Nuuk,20,GL,1575598344,72,64.17,-51.74,14.0,16.11
545,Point Fortin,20,TT,1575598344,88,10.16,-61.68,78.8,12.93
546,Araouane,62,ML,1575598344,27,18.9,-3.53,68.79,5.61
547,Deputatskiy,100,RU,1575598344,100,69.3,139.9,-19.55,2.17
548,Lompoc,40,US,1575598344,82,34.64,-120.46,59.0,13.18
549,Arman,94,RU,1575598344,87,59.7,150.17,4.08,18.3
550,Lethem,58,GY,1575598344,64,3.38,-59.8,82.17,9.15
551,Angoche,84,MZ,1575598344,82,-16.23,39.91,78.44,6.96
552,Lumberton,1,US,1575598344,88,30.27,-94.2,64.4,6.93
553,Skibbereen,90,IE,1575598344,100,51.55,-9.27,51.8,14.99
554,Avera,1,US,1575598344,93,33.19,-82.53,48.0,3.4
555,Sept-Iles,90,CA,1575598130,92,50.2,-66.38,23.0,3.36
556,Songjianghe,0,CN,1575598345,85,42.18,127.48,6.4,7.25
557,Lewistown,90,US,1575598345,70,40.39,-90.15,48.2,4.7
